id,humedad_ambiente,humedad_tierra,temperatura,hora,estado_valvula
2168,12.1,0.0,36.6,2025-03-03 12:31:32,1
2167,12.1,0.0,36.8,2025-03-03 12:11:31,1
2166,11.1,0.0,39.9,2025-03-03 11:51:31,1
2165,11.8,0.0,35.9,2025-03-03 10:51:27,1
2164,11.2,0.0,39.0,2025-03-03 10:31:28,1
2163,12.1,0.0,39.6,2025-03-03 10:11:27,1
2162,12.8,0.0,37.1,2025-03-03 09:51:26,1
2161,12.6,0.0,37.3,2025-03-03 09:31:27,1
2160,12.5,0.0,36.1,2025-03-03 09:11:25,1
2159,13.7,0.0,34.0,2025-03-03 08:51:25,1
2158,23.6,0.0,23.3,2025-03-03 08:31:24,0
2157,41.2,0.0,9.3,2025-03-03 08:11:24,0
2156,49.1,0.0,7.3,2025-03-03 07:51:23,0
2155,53.2,0.0,4.3,2025-03-03 07:31:23,0
2154,54.1,0.0,3.8,2025-03-03 07:11:22,0
2153,52.3,0.0,4.3,2025-03-03 06:51:22,0
2152,53.5,0.0,4.2,2025-03-03 06:31:22,0
2151,50.8,0.0,3.9,2025-03-03 06:11:20,0
2150,49.9,0.0,4.3,2025-03-03 05:51:20,0
2149,51.1,0.0,4.8,2025-03-03 05:31:20,0
2148,49.7,0.0,4.9,2025-03-03 05:11:19,0
2147,47.5,0.0,5.7,2025-03-03 04:51:18,0
2146,47.9,10.0,5.4,2025-03-03 04:31:18,0
2145,46.5,0.0,5.5,2025-03-03 04:11:18,0
2144,45.5,4.0,6.5,2025-03-03 03:51:18,0
2143,46.3,0.0,5.8,2025-03-03 03:31:17,0
2142,43.7,0.0,6.3,2025-03-03 03:11:16,0
2141,44.6,11.0,7.0,2025-03-03 02:51:16,0
2140,42.2,32.0,7.6,2025-03-03 02:31:16,0
2139,43.3,18.0,7.8,2025-03-03 02:11:16,0
2138,41.7,20.0,8.4,2025-03-03 01:51:15,0
2137,38.4,34.0,8.3,2025-03-03 01:31:14,0
2136,39.7,39.0,9.5,2025-03-03 01:11:14,0
2135,36.8,40.0,9.3,2025-03-03 00:51:13,0
2134,36.3,42.0,10.5,2025-03-03 00:31:13,0
2133,33.8,42.0,10.8,2025-03-03 00:11:11,0
2132,33.6,43.0,12.1,2025-03-02 23:51:11,0
2131,32.0,42.0,11.7,2025-03-02 23:31:09,0
2130,31.0,45.0,12.6,2025-03-02 23:11:09,0
2129,27.5,44.0,15.4,2025-03-02 22:51:09,0
2128,29.9,46.0,13.2,2025-03-02 22:31:09,0
2127,26.3,47.0,15.3,2025-03-02 22:11:09,0
2126,26.1,47.0,16.4,2025-03-02 21:51:08,0
2125,27.9,48.0,15.1,2025-03-02 21:31:08,0
2124,27.2,48.0,15.7,2025-03-02 21:11:08,0
2123,25.2,49.0,17.6,2025-03-02 20:51:08,0
2122,24.4,49.0,18.2,2025-03-02 20:31:07,0
2121,24.2,49.0,19.1,2025-03-02 20:11:07,0
2120,19.9,51.0,20.8,2025-03-02 19:51:06,0
2119,15.7,51.0,25.4,2025-03-02 19:31:05,0
2118,15.6,52.0,27.0,2025-03-02 19:00:11,0
2117,14.5,52.0,29.2,2025-03-02 18:40:11,0
2116,14.1,52.0,29.9,2025-03-02 18:20:11,0
2115,9.0,52.0,39.7,2025-03-02 18:00:10,0
2114,10.3,51.0,35.5,2025-03-02 17:40:09,0
2113,11.2,52.0,33.0,2025-03-02 17:20:09,0
2112,7.5,52.0,44.1,2025-03-02 17:00:08,0
2111,7.5,52.0,43.2,2025-03-02 16:40:08,0
2110,8.2,53.0,41.1,2025-03-02 16:20:05,0
2109,7.1,54.0,43.5,2025-03-02 16:00:07,0
2108,8.5,53.0,41.6,2025-03-02 15:40:07,0
2107,7.7,53.0,43.5,2025-03-02 15:20:06,0
2106,8.7,52.0,40.9,2025-03-02 15:00:05,0
2105,8.0,53.0,42.7,2025-03-02 14:40:05,0
2104,8.9,55.0,41.7,2025-03-02 14:20:05,0
2103,9.8,53.0,42.3,2025-03-02 14:00:05,0
2102,10.3,53.0,40.6,2025-03-02 13:40:04,0
2101,11.5,53.0,39.1,2025-03-02 13:20:05,0
2100,11.2,53.0,37.4,2025-03-02 13:00:04,0
2099,10.3,54.0,41.4,2025-03-02 12:40:04,0
2098,11.3,53.0,42.5,2025-03-02 12:20:04,0
2097,11.5,55.0,39.7,2025-03-02 12:00:03,0
2096,10.7,53.0,42.4,2025-03-02 11:40:03,0
2095,13.1,52.0,38.0,2025-03-02 11:20:02,0
2094,14.9,49.0,39.7,2025-03-02 11:00:01,0
2093,14.1,47.0,38.7,2025-03-02 10:40:01,0
2092,15.9,46.0,38.2,2025-03-02 10:20:00,0
2091,17.4,47.0,34.4,2025-03-02 10:00:00,0
2090,13.5,45.0,36.1,2025-03-02 09:40:00,0
2089,15.6,45.0,33.5,2025-03-02 09:19:59,0
2088,15.1,45.0,35.9,2025-03-02 08:59:58,0
2087,16.8,44.0,32.8,2025-03-02 08:39:58,0
2086,44.8,44.0,10.3,2025-03-02 08:19:58,0
2085,54.1,43.0,7.7,2025-03-02 07:59:57,0
2084,57.9,44.0,4.7,2025-03-02 07:39:54,0
2083,58.2,45.0,4.2,2025-03-02 07:19:56,0
2082,59.2,46.0,4.1,2025-03-02 06:59:56,0
2081,57.7,46.0,4.5,2025-03-02 06:39:55,0
2080,57.1,46.0,4.5,2025-03-02 06:19:55,0
2079,55.9,47.0,4.4,2025-03-02 05:59:54,0
2078,56.7,47.0,5.1,2025-03-02 05:39:53,0
2077,54.4,47.0,5.1,2025-03-02 05:19:53,0
2076,54.1,47.0,5.9,2025-03-02 04:59:53,0
2075,52.6,48.0,5.9,2025-03-02 04:39:53,0
2074,51.3,49.0,5.8,2025-03-02 04:19:52,0
2073,52.7,49.0,6.7,2025-03-02 03:59:51,0
2072,50.0,49.0,7.2,2025-03-02 03:39:50,0
2071,49.1,49.0,7.4,2025-03-02 03:19:50,0
2070,46.8,50.0,8.0,2025-03-02 02:59:50,0
2069,47.9,51.0,7.7,2025-03-02 02:39:49,0
2068,43.7,50.0,8.5,2025-03-02 02:19:49,0
2067,43.7,51.0,9.3,2025-03-02 01:59:48,0
2066,41.4,52.0,9.2,2025-03-02 01:39:48,0
2065,38.9,51.0,10.6,2025-03-02 01:19:48,0
2064,38.7,52.0,11.0,2025-03-02 00:59:48,0
2063,38.8,52.0,11.8,2025-03-02 00:39:47,0
2062,36.9,52.0,12.1,2025-03-02 00:19:47,0
2061,38.8,53.0,12.5,2025-03-01 23:59:47,0
2060,33.1,53.0,13.8,2025-03-01 23:39:46,0
2059,29.9,55.0,14.7,2025-03-01 23:19:46,0
2058,28.2,53.0,16.1,2025-03-01 22:59:45,0
2057,25.8,53.0,17.1,2025-03-01 22:39:45,0
2056,23.3,52.0,19.0,2025-03-01 22:19:45,0
2055,21.6,54.0,19.3,2025-03-01 21:59:44,0
2054,19.9,53.0,21.8,2025-03-01 21:39:43,0
2053,16.6,54.0,24.4,2025-03-01 21:19:43,0
2052,16.1,54.0,25.2,2025-03-01 20:59:42,0
2051,15.7,54.0,25.2,2025-03-01 20:39:42,0
2050,16.4,55.0,23.9,2025-03-01 20:19:41,0
2049,19.2,56.0,21.6,2025-03-01 19:59:41,0
2048,20.1,55.0,21.8,2025-03-01 19:39:41,0
2047,15.8,55.0,24.5,2025-03-01 19:19:40,0
2046,19.0,56.0,25.4,2025-03-01 18:59:40,0
2045,14.9,56.0,28.8,2025-03-01 18:39:39,0
2044,12.8,56.0,30.3,2025-03-01 18:19:39,0
2043,9.8,56.0,36.3,2025-03-01 17:59:38,0
2042,11.9,57.0,32.0,2025-03-01 17:39:38,0
2041,11.8,57.0,32.4,2025-03-01 17:19:37,0
2040,9.2,57.0,38.4,2025-03-01 16:59:37,0
2039,8.6,58.0,43.9,2025-03-01 16:39:36,0
2038,9.3,58.0,41.1,2025-03-01 16:19:36,0
2037,9.9,58.0,44.5,2025-03-01 15:59:35,0
2036,9.1,58.0,42.3,2025-03-01 15:39:34,0
2035,10.1,58.0,43.6,2025-03-01 15:19:33,0
2034,9.4,59.0,41.3,2025-03-01 14:59:33,0
2033,8.9,60.0,42.3,2025-03-01 14:39:33,0
2032,9.7,59.0,41.6,2025-03-01 14:19:32,0
2031,11.0,60.0,38.4,2025-03-01 13:59:31,0
2030,11.0,60.0,39.3,2025-03-01 13:39:30,0
2029,11.2,60.0,38.0,2025-03-01 13:19:30,0
2028,11.9,60.0,39.2,2025-03-01 12:59:30,0
2027,11.7,60.0,39.9,2025-03-01 12:39:30,0
2026,13.1,61.0,38.6,2025-03-01 12:19:29,0
2025,13.0,61.0,37.9,2025-03-01 11:59:29,0
2024,13.5,60.0,38.9,2025-03-01 11:39:28,0
2023,13.4,58.0,39.7,2025-03-01 11:19:27,0
2022,15.3,56.0,36.0,2025-03-01 10:59:26,0
2021,15.3,54.0,36.1,2025-03-01 10:39:25,0
2020,18.0,53.0,35.2,2025-03-01 10:19:25,0
2019,18.1,54.0,32.8,2025-03-01 09:59:24,0
2018,14.6,51.0,38.9,2025-03-01 09:39:23,0
2017,14.5,52.0,37.1,2025-03-01 09:19:23,0
2016,15.5,52.0,35.3,2025-03-01 08:59:22,0
2015,18.2,51.0,31.7,2025-03-01 08:39:22,0
2014,44.1,51.0,11.0,2025-03-01 08:19:22,0
2013,52.0,52.0,8.7,2025-03-01 07:59:21,0
2012,57.2,51.0,5.7,2025-03-01 07:39:21,0
2011,56.5,51.0,5.1,2025-03-01 07:19:21,0
2010,54.2,54.0,5.1,2025-03-01 06:59:20,0
2009,53.3,52.0,5.8,2025-03-01 06:39:20,0
2008,53.3,54.0,6.0,2025-03-01 06:19:19,0
2007,52.9,54.0,6.1,2025-03-01 05:59:19,0
2006,53.1,53.0,6.5,2025-03-01 05:39:16,0
2005,51.0,55.0,6.8,2025-03-01 05:19:16,0
2004,48.7,54.0,7.7,2025-03-01 04:59:15,0
2003,46.8,56.0,7.5,2025-03-01 04:39:15,0
2002,44.9,55.0,8.2,2025-03-01 04:19:14,0
2001,46.1,55.0,7.4,2025-03-01 03:59:13,0
2000,45.5,56.0,8.3,2025-03-01 03:39:13,0
1999,45.7,55.0,9.0,2025-03-01 03:19:12,0
1998,41.4,55.0,9.1,2025-03-01 02:59:11,0
1997,40.5,58.0,10.0,2025-03-01 02:39:11,0
1996,38.3,58.0,10.3,2025-03-01 02:19:10,0
1995,41.7,58.0,11.1,2025-03-01 01:59:10,0
1994,38.5,57.0,10.6,2025-03-01 01:39:09,0
1993,38.6,56.0,11.5,2025-03-01 01:19:08,0
1992,37.7,58.0,11.8,2025-03-01 00:59:08,0
1991,37.4,58.0,12.5,2025-03-01 00:39:07,0
1990,34.3,60.0,12.7,2025-03-01 00:19:07,0
1989,34.9,59.0,12.8,2025-02-28 23:59:06,0
1988,32.3,59.0,13.8,2025-02-28 23:39:06,0
1987,31.6,60.0,13.8,2025-02-28 23:19:06,0
1986,28.9,60.0,15.8,2025-02-28 22:59:06,0
1985,28.2,60.0,15.9,2025-02-28 22:39:05,0
1984,26.7,61.0,16.2,2025-02-28 22:19:05,0
1983,25.4,62.0,18.0,2025-02-28 21:59:04,0
1982,27.0,61.0,17.3,2025-02-28 21:39:04,0
1981,25.0,61.0,18.2,2025-02-28 21:19:04,0
1980,24.4,61.0,17.5,2025-02-28 20:59:03,0
1979,24.4,62.0,19.0,2025-02-28 20:39:03,0
1978,22.0,63.0,19.9,2025-02-28 20:19:03,0
1977,23.0,61.0,18.9,2025-02-28 19:59:03,0
1976,22.0,61.0,21.3,2025-02-28 19:39:02,0
1975,18.4,62.0,24.3,2025-02-28 19:19:02,0
1974,16.1,62.0,26.4,2025-02-28 18:59:02,0
1973,15.3,62.0,27.9,2025-02-28 18:39:02,0
1972,14.7,61.0,29.1,2025-02-28 18:19:01,0
1971,14.3,63.0,30.0,2025-02-28 17:59:01,0
1970,13.4,63.0,31.8,2025-02-28 17:39:01,0
1969,13.2,64.0,32.6,2025-02-28 17:19:00,0
1968,10.8,64.0,34.4,2025-02-28 16:59:00,0
1967,9.0,65.0,40.7,2025-02-28 16:38:59,0
1966,9.7,65.0,43.9,2025-02-28 16:18:59,0
1965,10.0,65.0,39.5,2025-02-28 15:58:58,0
1964,9.8,65.0,42.3,2025-02-28 15:38:58,0
1963,9.5,66.0,43.3,2025-02-28 15:18:58,0
1962,10.5,66.0,40.0,2025-02-28 14:58:58,0
1961,9.9,65.0,41.1,2025-02-28 14:38:57,0
1960,10.8,65.0,38.8,2025-02-28 14:18:56,0
1959,11.2,66.0,39.2,2025-02-28 13:58:55,0
1958,11.8,65.0,38.3,2025-02-28 13:38:55,0
1957,13.7,66.0,36.8,2025-02-28 13:18:55,0
1956,13.6,65.0,36.3,2025-02-28 12:58:54,0
1955,12.7,65.0,39.2,2025-02-28 12:38:53,0
1954,14.3,64.0,37.7,2025-02-28 12:18:53,0
1953,14.1,65.0,40.3,2025-02-28 11:58:53,0
1952,15.1,66.0,39.8,2025-02-28 11:38:52,0
1951,15.0,67.0,38.7,2025-02-28 11:18:51,0
1950,15.6,0.0,38.5,2025-02-28 10:58:51,1
1949,17.5,28.0,36.0,2025-02-28 10:38:50,1
1948,17.2,28.0,38.4,2025-02-28 10:18:49,1
1947,16.9,28.0,40.1,2025-02-28 09:58:49,1
1946,18.3,31.0,38.1,2025-02-28 09:38:49,0
1945,20.6,29.0,37.2,2025-02-28 09:18:48,1
1944,21.2,29.0,34.1,2025-02-28 08:58:46,1
1943,25.9,32.0,29.4,2025-02-28 08:38:47,0
1942,57.0,38.0,13.4,2025-02-28 08:18:46,0
1941,64.2,40.0,10.2,2025-02-28 07:58:46,0
1940,72.1,40.0,7.2,2025-02-28 07:38:46,0
1939,73.7,41.0,6.9,2025-02-28 07:18:45,0
1938,73.0,43.0,7.1,2025-02-28 06:58:45,0
1937,66.2,48.0,7.7,2025-02-28 06:38:44,0
1936,65.9,49.0,8.1,2025-02-28 06:18:43,0
1935,63.1,51.0,9.3,2025-02-28 05:58:42,0
1934,69.0,54.0,8.5,2025-02-28 05:38:42,0
1933,60.4,53.0,8.6,2025-02-28 05:18:41,0
1932,59.6,55.0,9.3,2025-02-28 04:58:40,0
1931,60.7,57.0,10.5,2025-02-28 04:38:40,0
1930,66.4,57.0,10.4,2025-02-28 04:18:39,0
1929,54.0,58.0,8.6,2025-02-28 03:58:39,0
1928,47.5,62.0,8.8,2025-02-28 03:38:39,0
1927,46.6,63.0,9.4,2025-02-28 03:18:38,0
1926,44.9,62.0,10.3,2025-02-28 02:58:38,0
1925,45.8,63.0,9.5,2025-02-28 02:38:38,0
1924,46.0,63.0,9.7,2025-02-28 02:18:37,0
1923,44.4,64.0,10.1,2025-02-28 01:58:37,0
1922,43.1,65.0,10.9,2025-02-28 01:38:36,0
1921,44.6,65.0,10.2,2025-02-28 01:18:36,0
1920,45.9,65.0,10.4,2025-02-28 00:58:35,0
1919,45.2,66.0,10.3,2025-02-28 00:38:35,0
1918,46.4,65.0,10.3,2025-02-28 00:18:35,0
1917,44.1,67.0,11.3,2025-02-27 23:58:34,0
1916,43.7,68.0,11.3,2025-02-27 23:38:31,0
1915,42.3,67.0,12.6,2025-02-27 23:18:32,0
1914,42.2,68.0,12.5,2025-02-27 22:58:32,0
1913,40.9,68.0,12.9,2025-02-27 22:38:32,0
1912,38.7,68.0,14.5,2025-02-27 22:18:31,0
1911,36.6,70.0,14.7,2025-02-27 21:58:30,0
1910,35.3,70.0,15.3,2025-02-27 21:38:31,0
1909,34.4,71.0,16.4,2025-02-27 21:18:30,0
1908,32.4,70.0,18.8,2025-02-27 20:58:30,0
1907,30.5,71.0,17.9,2025-02-27 20:38:30,0
1906,28.0,71.0,18.9,2025-02-27 20:18:29,0
1905,25.1,70.0,20.6,2025-02-27 19:58:29,0
1904,25.0,72.0,19.7,2025-02-27 19:38:29,0
1903,22.9,73.0,23.3,2025-02-27 19:18:27,0
1902,23.7,71.0,24.9,2025-02-27 18:58:28,0
1901,16.1,71.0,28.8,2025-02-27 18:38:27,0
1900,15.8,71.0,30.1,2025-02-27 18:18:26,0
1899,13.8,72.0,32.0,2025-02-27 17:58:25,0
1898,14.3,72.0,32.0,2025-02-27 17:38:25,0
1897,13.7,72.0,32.7,2025-02-27 17:18:25,0
1896,12.3,72.0,35.5,2025-02-27 16:58:25,0
1895,8.6,71.0,45.5,2025-02-27 16:38:24,0
1894,8.5,72.0,45.5,2025-02-27 16:18:23,0
1893,8.7,72.0,45.7,2025-02-27 15:58:22,0
1892,9.0,73.0,46.2,2025-02-27 15:38:22,0
1891,9.1,72.0,43.5,2025-02-27 15:18:22,0
1890,10.2,73.0,41.6,2025-02-27 15:53:40,0
1889,10.4,73.0,41.4,2025-02-27 15:23:39,0
1888,11.2,74.0,38.7,2025-02-27 14:53:37,0
1887,12.6,73.0,36.5,2025-02-27 14:23:35,0
1886,0.0,125.0,0.0,2025-02-27 12:56:59,0
1885,14.3,73.0,36.0,2025-02-27 13:53:33,0
1884,0.0,125.0,0.0,2025-02-27 12:36:58,0
1883,15.3,57.0,36.4,2025-02-27 13:23:32,0
1882,0.0,125.0,0.0,2025-02-27 12:05:07,0
1881,14.8,58.0,36.7,2025-02-27 12:53:31,0
1880,14.6,57.0,37.3,2025-02-27 12:23:29,0
1879,15.5,57.0,37.2,2025-02-27 11:53:27,0
1878,17.8,57.0,35.0,2025-02-27 11:23:27,0
1877,19.0,52.0,32.6,2025-02-27 10:53:26,1
1876,16.4,42.0,33.9,2025-02-27 10:23:26,1
1875,18.9,33.0,33.1,2025-02-27 09:53:24,1
1874,40.6,32.0,13.0,2025-02-27 09:23:23,1
1873,51.0,33.0,7.8,2025-02-27 08:53:23,0
1872,60.1,35.0,4.5,2025-02-27 08:23:21,0
1871,57.1,32.0,4.4,2025-02-27 07:53:21,0
1870,57.8,33.0,4.6,2025-02-27 07:23:20,0
1869,54.3,33.0,4.4,2025-02-27 06:53:18,0
1868,54.9,36.0,5.6,2025-02-27 06:23:17,0
1867,51.4,36.0,5.8,2025-02-27 05:53:16,0
1866,52.3,37.0,5.8,2025-02-27 05:23:15,0
1865,49.8,39.0,6.9,2025-02-27 04:53:14,0
1864,48.1,40.0,6.8,2025-02-27 04:23:13,0
1863,46.1,41.0,8.4,2025-02-27 03:53:12,0
1862,45.1,42.0,8.1,2025-02-27 03:23:11,0
1861,44.6,41.0,8.5,2025-02-27 02:53:09,0
1860,42.6,45.0,9.0,2025-02-27 02:23:08,0
1859,41.0,45.0,10.3,2025-02-27 01:53:06,0
1858,37.9,47.0,11.6,2025-02-27 01:23:06,0
1857,35.8,42.0,12.3,2025-02-27 00:53:04,0
1856,31.7,47.0,14.0,2025-02-27 00:23:03,0
1855,26.8,47.0,17.9,2025-02-26 23:53:01,0
1854,23.3,47.0,21.1,2025-02-26 23:23:00,0
1853,23.7,44.0,20.9,2025-02-26 22:53:00,0
1852,26.3,43.0,19.8,2025-02-26 22:22:58,0
1851,28.7,53.0,18.4,2025-02-26 21:52:57,0
1850,28.2,53.0,19.2,2025-02-26 21:22:56,0
1849,25.9,54.0,20.9,2025-02-26 20:52:55,0
1848,22.3,55.0,23.6,2025-02-26 20:22:55,0
1847,20.3,55.0,25.7,2025-02-26 19:52:54,0
1846,16.9,56.0,28.7,2025-02-26 19:22:53,0
1845,0.0,125.0,0.0,2025-02-26 19:20:45,0
1844,18.0,55.0,30.0,2025-02-26 18:52:52,0
1843,17.9,57.0,31.0,2025-02-26 18:22:50,0
1842,17.0,57.0,32.7,2025-02-26 17:52:49,0
1841,12.1,56.0,41.1,2025-02-26 17:22:49,0
1840,13.8,58.0,38.5,2025-02-26 16:52:47,0
1839,13.2,58.0,40.6,2025-02-26 16:22:45,0
1838,13.8,58.0,39.6,2025-02-26 15:52:44,0
1837,13.5,59.0,40.0,2025-02-26 15:22:42,0
1836,14.0,59.0,38.9,2025-02-26 14:52:41,0
1835,15.6,60.0,38.1,2025-02-26 14:22:40,0
1834,14.3,59.0,38.6,2025-02-26 13:52:39,0
1833,15.0,57.0,36.0,2025-02-26 13:22:37,0
1832,13.6,56.0,36.4,2025-02-26 12:52:36,0
1831,16.9,56.0,35.7,2025-02-26 12:22:35,0
1830,18.4,54.0,34.5,2025-02-26 11:22:33,0
1829,18.3,49.0,32.2,2025-02-26 10:52:31,1
1828,13.7,43.0,37.0,2025-02-26 10:22:30,1
1827,17.3,5.0,30.7,2025-02-26 09:52:30,1
1826,40.7,0.0,10.7,2025-02-26 09:22:29,1
1825,43.0,0.0,6.4,2025-02-26 08:52:29,0
1824,44.3,1.0,4.3,2025-02-26 08:22:29,0
1823,44.3,1.0,4.7,2025-02-26 07:52:28,0
1822,43.7,1.0,4.7,2025-02-26 07:22:27,0
1821,42.5,2.0,4.9,2025-02-26 06:52:27,0
1820,43.0,6.0,4.7,2025-02-26 06:22:26,0
1819,41.6,7.0,5.0,2025-02-26 05:52:25,0
1818,38.9,0.0,5.1,2025-02-26 05:22:25,0
1817,39.0,8.0,5.7,2025-02-26 04:52:24,0
1816,40.1,8.0,5.8,2025-02-26 04:22:24,0
1815,38.3,8.0,5.8,2025-02-26 03:52:23,0
1814,33.2,18.0,7.8,2025-02-26 03:22:23,0
1813,36.9,11.0,7.0,2025-02-26 02:52:22,0
1812,33.5,11.0,8.0,2025-02-26 02:22:22,0
1811,35.1,11.0,7.2,2025-02-26 01:52:22,0
1810,30.9,20.0,8.1,2025-02-26 01:22:22,0
1809,30.3,21.0,9.3,2025-02-26 00:52:21,0
1808,29.4,25.0,8.8,2025-02-26 00:22:21,0
1807,26.1,22.0,10.8,2025-02-25 23:52:20,0
1806,25.4,22.0,11.3,2025-02-25 23:22:20,0
1805,25.6,16.0,11.2,2025-02-25 22:52:20,0
1804,25.2,7.0,11.9,2025-02-25 22:22:20,0
1803,23.8,18.0,13.2,2025-02-25 21:52:19,0
1802,20.9,20.0,14.6,2025-02-25 21:22:19,0
1801,19.5,24.0,16.1,2025-02-25 20:52:18,0
1800,18.6,21.0,17.3,2025-02-25 20:22:18,0
1799,14.6,21.0,22.0,2025-02-25 19:52:17,0
1798,7.6,15.0,28.4,2025-02-25 19:22:17,0
1797,8.0,16.0,30.1,2025-02-25 18:52:16,0
1796,7.4,7.0,31.0,2025-02-25 18:22:15,0
1795,7.1,4.0,33.4,2025-02-25 17:52:15,0
1794,4.4,10.0,44.5,2025-02-25 17:22:14,0
1793,5.7,15.0,42.0,2025-02-25 16:52:14,0
1792,6.5,68.0,42.0,2025-02-25 16:21:21,0
1791,5.4,70.0,41.8,2025-02-25 16:20:21,0
1790,6.0,100.0,40.9,2025-02-25 16:19:21,0
1789,6.3,0.0,39.8,2025-02-25 16:18:20,0
1788,6.9,9.0,37.7,2025-02-25 16:14:17,0
1787,5.9,10.0,37.3,2025-02-25 16:13:17,0
1786,6.3,11.0,39.6,2025-02-25 16:12:17,0
1785,5.9,11.0,39.9,2025-02-25 16:11:17,0
1784,5.8,-37.0,41.3,2025-02-25 16:09:06,0
1783,5.7,139.0,42.1,2025-02-25 16:06:51,0
1782,5.9,145.0,41.2,2025-02-25 16:05:51,0
1781,5.9,0.0,40.8,2025-02-25 16:04:51,0
1780,6.0,101.0,40.4,2025-02-25 16:03:50,0
1779,6.3,106.0,40.8,2025-02-25 15:54:04,0
1778,5.3,-6.0,43.6,2025-02-25 15:51:59,0
1777,5.3,-6.0,44.1,2025-02-25 15:50:58,0
1776,7.0,32.0,39.9,2025-02-25 15:16:20,0
1775,5.7,31.0,39.9,2025-02-25 14:46:18,0
1774,7.9,30.0,39.4,2025-02-25 14:16:18,0
1773,6.6,31.0,41.4,2025-02-25 13:46:16,0
1772,5.7,32.0,40.1,2025-02-25 13:16:14,0
1771,5.1,0.0,44.1,2025-02-25 12:46:12,0
1770,7.2,0.0,40.2,2025-02-25 12:16:11,0
1769,5.5,0.0,40.5,2025-02-25 11:46:11,0
1768,7.4,0.0,39.2,2025-02-25 11:16:10,0
1767,8.6,0.0,37.1,2025-02-25 10:46:09,1
1766,10.3,0.0,34.3,2025-02-25 10:16:08,1
1765,10.9,0.0,30.1,2025-02-25 09:46:08,1
1764,30.2,0.0,5.5,2025-02-25 09:16:08,1
1763,38.4,0.0,0.6,2025-02-25 08:46:07,0
1762,37.2,0.0,-0.9,2025-02-25 08:16:06,0
1761,37.7,0.0,-0.6,2025-02-25 07:46:05,0
1760,35.2,0.0,-0.4,2025-02-25 07:16:05,0
1759,36.1,0.0,-0.1,2025-02-25 06:46:04,0
1758,33.9,0.0,-0.5,2025-02-25 06:16:03,0
1757,33.1,0.0,1.7,2025-02-25 05:46:03,0
1756,31.4,0.0,2.1,2025-02-25 05:16:02,0
1755,28.8,0.0,3.1,2025-02-25 04:46:02,0
1754,25.7,0.0,5.7,2025-02-25 04:16:02,0
1753,28.8,0.0,5.0,2025-02-25 03:46:02,0
1752,24.0,0.0,5.5,2025-02-25 03:16:01,0
1751,23.1,0.0,7.7,2025-02-25 02:46:01,0
1750,27.9,0.0,5.8,2025-02-25 02:16:01,0
1749,24.1,0.0,5.7,2025-02-25 01:46:00,0
1748,16.7,0.0,10.0,2025-02-25 01:16:00,0
1747,27.7,0.0,5.0,2025-02-25 00:45:59,0
1746,24.1,0.0,7.5,2025-02-25 00:15:59,0
1745,20.4,0.0,9.2,2025-02-24 23:45:58,0
1744,23.4,0.0,9.3,2025-02-24 23:15:58,0
1743,20.1,0.0,9.4,2025-02-24 22:45:58,0
1742,16.7,0.0,11.8,2025-02-24 22:15:57,0
1741,15.2,0.0,12.7,2025-02-24 21:45:56,0
1740,15.8,0.0,14.6,2025-02-24 21:15:55,0
1739,10.5,0.0,17.6,2025-02-24 20:45:55,0
1738,11.2,0.0,19.1,2025-02-24 20:15:54,0
1737,7.9,0.0,23.8,2025-02-24 19:45:54,0
1736,8.4,0.0,26.6,2025-02-24 19:15:54,0
1735,6.9,0.0,28.8,2025-02-24 18:45:54,0
1734,7.0,0.0,29.9,2025-02-24 18:15:54,0
1733,7.2,0.0,31.9,2025-02-24 17:45:54,0
1732,5.7,0.0,44.0,2025-02-24 17:15:54,0
1731,4.8,0.0,44.5,2025-02-24 16:45:53,0
1730,5.6,0.0,42.4,2025-02-24 16:15:52,0
1729,6.3,0.0,41.4,2025-02-24 15:45:52,0
1728,6.6,0.0,36.7,2025-02-24 15:15:51,0
1727,8.0,0.0,39.1,2025-02-24 14:45:50,0
1726,5.8,0.0,39.4,2025-02-24 14:15:50,0
1725,6.2,0.0,40.7,2025-02-24 13:45:50,0
1724,6.5,0.0,39.5,2025-02-24 13:15:49,0
1723,7.0,0.0,42.0,2025-02-24 12:45:48,0
1722,6.2,0.0,37.2,2025-02-24 12:15:47,0
1721,7.3,0.0,40.1,2025-02-24 11:45:47,0
1720,8.3,0.0,39.8,2025-02-24 11:15:46,0
1719,10.0,0.0,39.5,2025-02-24 10:45:46,1
1718,12.1,0.0,33.2,2025-02-24 10:15:45,1
1717,14.9,0.0,31.2,2025-02-24 09:45:44,1
1716,48.4,0.0,7.6,2025-02-24 09:15:44,1
1715,60.2,0.0,2.7,2025-02-24 08:45:44,0
1714,63.0,0.0,2.2,2025-02-24 08:15:44,0
1713,60.8,0.0,1.6,2025-02-24 07:45:44,0
1712,60.7,0.0,2.7,2025-02-24 07:15:44,0
1711,58.1,0.0,3.0,2025-02-24 06:45:44,0
1710,53.1,0.0,4.3,2025-02-24 06:15:44,0
1709,54.8,0.0,4.6,2025-02-24 05:45:43,0
1708,51.8,0.0,4.6,2025-02-24 05:15:42,0
1707,51.8,0.0,5.8,2025-02-24 04:45:42,0
1706,47.6,0.0,7.2,2025-02-24 04:15:41,0
1705,47.9,0.0,5.9,2025-02-24 03:45:40,0
1704,44.9,0.0,7.4,2025-02-24 03:15:40,0
1703,46.9,0.0,7.4,2025-02-24 02:45:39,0
1702,42.7,0.0,7.8,2025-02-24 02:15:39,0
1701,41.7,0.0,9.1,2025-02-24 01:45:39,0
1700,40.0,0.0,9.2,2025-02-24 01:15:38,0
1699,38.7,0.0,10.5,2025-02-24 00:45:38,0
1698,37.2,0.0,11.0,2025-02-24 00:15:38,0
1697,35.1,0.0,12.7,2025-02-23 23:45:37,0
1696,33.8,0.0,12.3,2025-02-23 23:15:36,0
1695,30.4,0.0,14.1,2025-02-23 22:45:36,0
1694,28.9,0.0,14.2,2025-02-23 22:15:35,0
1693,24.3,0.0,18.2,2025-02-23 21:45:35,0
1692,21.6,0.0,20.2,2025-02-23 21:15:35,0
1691,20.2,0.0,22.1,2025-02-23 20:45:34,0
1690,19.7,0.0,23.7,2025-02-23 20:15:33,0
1689,18.4,0.0,24.9,2025-02-23 19:45:33,0
1688,17.8,0.0,26.0,2025-02-23 19:15:32,0
1687,16.3,0.0,27.6,2025-02-23 18:45:31,0
1686,16.0,0.0,28.1,2025-02-23 18:15:31,0
1685,14.8,0.0,29.8,2025-02-23 17:45:31,0
1683,11.1,0.0,37.6,2025-02-23 16:45:30,0
1682,10.8,0.0,38.4,2025-02-23 16:15:29,0
1681,11.7,0.0,37.9,2025-02-23 15:45:28,0
1680,10.9,0.0,39.5,2025-02-23 15:15:27,0
1679,12.2,0.0,37.7,2025-02-23 14:45:27,0
1678,11.4,0.0,37.3,2025-02-23 14:15:27,0
1677,11.8,0.0,39.8,2025-02-23 13:45:26,0
1676,11.9,0.0,38.2,2025-02-23 13:15:26,0
1675,10.1,0.0,43.3,2025-02-23 12:45:25,0
1674,10.9,0.0,38.6,2025-02-23 12:15:24,0
1673,12.6,0.0,37.1,2025-02-23 11:45:24,0
1672,13.4,0.0,34.5,2025-02-23 11:15:23,0
1671,14.6,0.0,33.4,2025-02-23 10:45:23,1
1670,15.2,0.0,33.7,2025-02-23 10:15:22,1
1669,17.4,0.0,30.7,2025-02-23 09:45:22,1
1668,50.4,0.0,9.5,2025-02-23 09:15:21,1
1667,57.2,0.0,5.9,2025-02-23 08:45:21,0
1666,61.4,1.0,4.9,2025-02-23 08:15:21,0
1665,60.8,2.0,5.1,2025-02-23 07:45:20,0
1664,60.7,0.0,5.2,2025-02-23 07:15:20,0
1663,60.4,0.0,5.6,2025-02-23 06:45:20,0
1662,62.2,0.0,5.4,2025-02-23 06:15:20,0
1661,57.4,0.0,6.2,2025-02-23 05:45:19,0
1660,54.4,0.0,6.9,2025-02-23 05:15:19,0
1659,55.8,0.0,6.5,2025-02-23 04:45:18,0
1658,54.2,0.0,7.0,2025-02-23 04:15:18,0
1657,53.2,0.0,8.7,2025-02-23 03:45:17,0
1656,49.9,0.0,8.7,2025-02-23 03:15:16,0
1655,47.8,0.0,8.9,2025-02-23 02:45:15,0
1654,44.8,0.0,10.7,2025-02-23 02:15:15,0
1653,42.0,0.0,11.8,2025-02-23 01:45:15,0
1652,42.9,0.0,10.8,2025-02-23 01:15:15,0
1651,37.8,8.0,13.6,2025-02-23 00:45:14,0
1650,35.0,0.0,14.8,2025-02-23 00:15:13,0
1649,31.7,0.0,16.1,2025-02-22 23:45:13,0
1648,31.1,0.0,16.7,2025-02-22 23:15:13,0
1647,30.9,0.0,17.0,2025-02-22 22:45:12,0
1646,33.9,0.0,16.3,2025-02-22 22:15:11,0
1645,27.3,0.0,18.7,2025-02-22 21:45:11,0
1644,28.4,0.0,18.6,2025-02-22 21:15:10,0
1643,26.9,0.0,19.8,2025-02-22 20:45:10,0
1642,22.1,0.0,23.2,2025-02-22 20:15:09,0
1641,22.3,0.0,25.6,2025-02-22 19:45:09,0
1640,22.0,0.0,27.3,2025-02-22 19:15:08,0
1639,18.8,0.0,28.7,2025-02-22 18:45:08,0
1638,17.5,0.0,29.7,2025-02-22 18:15:07,0
1637,16.3,0.0,30.9,2025-02-22 17:45:06,0
1636,16.0,0.0,34.2,2025-02-22 17:15:06,0
1635,15.8,0.0,31.4,2025-02-22 16:45:06,0
1634,12.4,0.0,39.7,2025-02-22 16:15:05,0
1633,15.9,0.0,34.4,2025-02-22 15:45:04,0
1632,14.1,0.0,36.9,2025-02-22 15:15:04,0
1631,14.3,0.0,36.2,2025-02-22 14:45:03,0
1630,15.4,0.0,33.5,2025-02-22 14:15:02,0
1629,15.3,0.0,36.6,2025-02-22 13:45:02,0
1628,13.9,0.0,38.2,2025-02-22 13:15:02,0
1627,17.4,7.0,35.0,2025-02-22 12:45:01,0
1626,18.1,16.0,36.3,2025-02-22 12:15:00,0
1625,20.2,13.0,36.1,2025-02-22 11:45:00,0
1624,18.3,15.0,40.5,2025-02-22 11:15:00,0
1623,23.2,17.0,35.0,2025-02-22 10:44:59,1
1622,21.3,17.0,35.9,2025-02-22 10:14:59,1
1621,25.1,14.0,32.3,2025-02-22 09:44:58,1
1620,51.5,12.0,13.0,2025-02-22 09:14:58,1
1619,68.5,21.0,7.3,2025-02-22 08:44:57,0
1618,69.2,56.0,6.9,2025-02-22 08:14:56,0
1617,66.0,0.0,7.1,2025-02-22 07:44:55,0
1616,63.6,12.0,8.3,2025-02-22 07:14:54,0
1615,62.6,69.0,8.5,2025-02-22 06:44:54,0
1614,58.1,50.0,9.6,2025-02-22 06:14:54,0
1613,54.9,25.0,10.3,2025-02-22 05:44:53,0
1612,53.2,100.0,10.6,2025-02-22 05:14:53,0
1611,52.1,0.0,10.8,2025-02-22 04:44:52,0
1610,53.3,0.0,11.3,2025-02-22 04:14:52,0
1609,52.9,23.0,10.4,2025-02-22 03:44:51,0
1608,53.5,0.0,10.0,2025-02-22 03:14:51,0
1607,54.1,100.0,10.1,2025-02-22 02:44:50,0
1606,49.6,0.0,9.8,2025-02-22 02:14:50,0
1605,48.1,0.0,11.3,2025-02-22 01:44:49,0
1604,45.8,8.0,12.5,2025-02-22 01:14:48,0
1603,40.8,4.0,14.9,2025-02-22 00:44:47,0
1602,40.1,62.0,15.3,2025-02-22 00:14:47,0
1601,37.4,13.0,15.3,2025-02-21 23:44:47,0
1600,36.4,48.0,15.1,2025-02-21 23:14:46,0
1599,34.8,100.0,15.5,2025-02-21 22:44:46,0
1598,33.7,0.0,17.0,2025-02-21 22:14:45,0
1597,27.1,0.0,20.4,2025-02-21 21:44:45,0
1596,31.9,21.0,18.2,2025-02-21 21:14:44,0
1595,31.1,23.0,18.0,2025-02-21 20:44:44,0
1594,22.0,50.0,24.0,2025-02-21 20:14:44,0
1593,22.7,0.0,24.9,2025-02-21 19:44:43,0
1592,21.8,100.0,26.4,2025-02-21 19:14:42,0
1591,21.8,100.0,26.6,2025-02-21 18:44:42,0
1590,22.4,100.0,28.2,2025-02-21 18:14:42,0
1589,22.8,100.0,27.3,2025-02-21 17:44:41,0
1588,18.9,100.0,29.3,2025-02-21 17:14:41,0
1587,15.5,100.0,35.5,2025-02-21 16:44:40,0
1586,13.2,100.0,34.4,2025-02-21 15:44:40,0
1585,12.4,100.0,38.0,2025-02-21 15:14:39,0
1584,13.3,100.0,35.7,2025-02-21 14:44:39,0
1583,16.1,100.0,34.9,2025-02-21 14:14:38,0
1582,17.2,100.0,31.4,2025-02-21 13:44:38,0
1581,15.4,100.0,38.7,2025-02-21 13:14:37,0
1580,15.3,100.0,38.5,2025-02-21 12:44:37,0
1579,18.8,100.0,35.5,2025-02-21 12:14:36,0
1578,16.8,100.0,41.9,2025-02-21 11:44:35,0
1577,35.4,100.0,22.7,2025-02-21 11:14:34,0
1576,40.5,100.0,19.9,2025-02-21 10:44:34,1
1575,39.6,100.0,21.3,2025-02-21 10:14:33,1
1574,47.6,100.0,17.7,2025-02-21 09:44:32,1
1573,55.2,100.0,14.8,2025-02-21 09:14:31,1
1572,58.8,100.0,13.7,2025-02-21 08:44:30,0
1571,61.4,100.0,13.4,2025-02-21 08:14:30,0
1570,61.6,100.0,12.8,2025-02-21 07:44:30,0
1569,58.7,100.0,12.9,2025-02-21 07:14:29,0
1568,59.9,100.0,13.0,2025-02-21 06:44:29,0
1567,58.8,100.0,12.5,2025-02-21 06:14:28,0
1566,60.7,100.0,13.3,2025-02-21 05:44:28,0
1565,55.0,100.0,14.3,2025-02-21 05:14:28,0
1564,50.0,100.0,15.9,2025-02-21 04:44:28,0
1563,48.9,100.0,16.7,2025-02-21 04:14:27,0
1562,46.4,100.0,17.3,2025-02-21 03:44:27,0
1561,45.4,100.0,17.9,2025-02-21 03:14:26,0
1560,39.5,100.0,19.4,2025-02-21 02:44:26,0
1559,39.4,100.0,19.4,2025-02-21 02:14:25,0
1558,39.7,100.0,19.5,2025-02-21 01:44:25,0
1557,43.0,100.0,19.5,2025-02-21 01:14:24,0
1556,47.8,100.0,16.9,2025-02-21 00:44:24,0
1555,46.2,100.0,17.3,2025-02-21 00:14:23,0
1554,45.5,100.0,18.2,2025-02-20 23:44:23,0
1553,42.1,100.0,18.3,2025-02-20 23:14:22,0
1552,41.0,100.0,17.4,2025-02-20 22:44:21,0
1551,41.0,0.0,17.9,2025-02-20 22:14:21,0
1550,37.6,44.0,17.4,2025-02-20 21:44:20,0
1549,33.0,0.0,20.9,2025-02-20 21:14:20,0
1548,28.0,50.0,21.8,2025-02-20 20:44:19,0
1547,25.8,29.0,22.6,2025-02-20 20:14:19,0
1546,23.8,12.0,24.5,2025-02-20 19:44:18,0
1545,21.0,50.0,26.8,2025-02-20 19:14:18,0
1544,20.2,100.0,27.5,2025-02-20 18:44:17,0
1543,19.4,100.0,29.0,2025-02-20 18:14:17,0
1542,18.4,100.0,29.9,2025-02-20 17:44:17,0
1541,18.8,100.0,28.9,2025-02-20 17:14:16,0
1540,16.9,50.0,32.7,2025-02-20 16:44:15,0
1538,18.0,100.0,32.6,2025-02-20 10:48:47,1
1537,23.3,100.0,25.4,2025-02-20 10:18:46,1
1536,29.2,100.0,21.8,2025-02-20 09:48:46,1
1535,52.2,100.0,9.9,2025-02-20 09:18:45,1
1534,65.6,100.0,5.4,2025-02-20 08:48:44,0
1533,66.4,100.0,4.0,2025-02-20 08:18:43,0
1532,63.7,100.0,5.0,2025-02-20 07:48:43,0
1531,63.8,100.0,4.5,2025-02-20 07:18:42,0
1530,58.3,100.0,5.6,2025-02-20 06:48:42,0
1529,60.7,100.0,5.3,2025-02-20 06:18:41,0
1528,57.5,100.0,6.1,2025-02-20 05:48:40,0
1527,55.8,100.0,6.8,2025-02-20 05:18:39,0
1526,52.2,100.0,7.8,2025-02-20 04:48:39,0
1525,53.7,100.0,8.0,2025-02-20 04:18:39,0
1524,50.3,100.0,8.8,2025-02-20 03:48:39,0
1523,51.2,100.0,8.0,2025-02-20 03:18:39,0
1522,47.9,100.0,9.0,2025-02-20 02:48:38,0
1521,48.0,100.0,9.5,2025-02-20 02:18:38,0
1520,46.6,100.0,10.4,2025-02-20 01:48:37,0
1519,46.5,100.0,10.3,2025-02-20 01:18:37,0
1518,43.0,100.0,10.9,2025-02-20 00:48:36,0
1517,38.5,100.0,13.1,2025-02-20 00:18:36,0
1516,38.3,100.0,12.8,2025-02-19 23:48:36,0
1515,35.6,100.0,14.1,2025-02-19 23:18:36,0
1514,26.7,100.0,18.8,2025-02-19 22:48:35,0
1513,26.2,100.0,19.2,2025-02-19 22:18:35,0
1512,31.6,100.0,16.2,2025-02-19 21:48:34,0
1511,30.1,100.0,16.0,2025-02-19 21:18:34,0
1510,28.3,100.0,17.5,2025-02-19 20:48:33,0
1509,27.0,100.0,19.2,2025-02-19 20:18:33,0
1508,21.6,100.0,22.3,2025-02-19 19:48:32,0
1507,16.9,100.0,26.1,2025-02-19 19:18:31,0
1506,15.3,100.0,28.3,2025-02-19 18:48:31,0
1505,15.5,100.0,28.8,2025-02-19 18:18:31,0
1504,15.3,100.0,29.6,2025-02-19 17:48:30,0
1503,11.9,100.0,37.6,2025-02-19 17:18:30,0
1502,10.7,100.0,40.6,2025-02-19 16:48:30,0
1501,10.2,100.0,42.7,2025-02-19 16:18:30,0
1500,12.4,100.0,37.8,2025-02-19 15:48:29,0
1499,12.9,100.0,37.1,2025-02-19 15:18:28,0
1498,11.7,100.0,40.6,2025-02-19 14:48:28,0
1497,12.1,100.0,39.6,2025-02-19 14:18:27,0
1496,12.3,100.0,37.6,2025-02-19 13:48:26,0
1495,11.5,100.0,40.6,2025-02-19 13:18:25,0
1494,14.7,100.0,33.5,2025-02-19 12:48:25,0
1493,13.9,100.0,37.0,2025-02-19 12:18:24,0
1492,16.3,100.0,35.1,2025-02-19 11:48:23,0
1491,18.4,100.0,30.1,2025-02-19 11:18:22,0
1490,18.5,100.0,32.3,2025-02-19 10:48:22,1
1488,26.4,100.0,22.7,2025-02-19 10:18:21,1
1487,34.7,100.0,18.7,2025-02-19 09:48:21,1
1486,45.1,100.0,12.8,2025-02-19 09:18:20,1
1485,48.7,100.0,11.6,2025-02-19 08:48:20,0
1484,51.3,100.0,10.7,2025-02-19 08:18:19,0
1483,48.2,100.0,11.8,2025-02-19 07:48:19,0
1482,48.9,100.0,11.5,2025-02-19 07:18:19,0
1481,48.0,100.0,11.7,2025-02-19 06:48:18,0
1480,46.2,100.0,12.1,2025-02-19 06:18:18,0
1479,44.4,100.0,12.1,2025-02-19 05:48:18,0
1478,44.2,100.0,12.7,2025-02-19 05:18:18,0
1477,41.8,100.0,12.8,2025-02-19 04:48:17,0
1476,39.9,100.0,13.4,2025-02-19 04:18:16,0
1475,38.7,100.0,14.1,2025-02-19 03:48:15,0
1474,37.5,100.0,14.8,2025-02-19 03:18:15,0
1473,38.9,100.0,14.3,2025-02-19 02:48:15,0
1472,39.8,100.0,14.5,2025-02-19 02:18:14,0
1471,37.1,100.0,14.6,2025-02-19 01:48:14,0
1470,39.4,100.0,14.3,2025-02-19 01:18:14,0
1469,35.6,100.0,14.6,2025-02-19 00:48:13,0
1468,32.9,100.0,16.0,2025-02-19 00:18:13,0
1467,32.2,100.0,15.8,2025-02-18 23:48:12,0
1466,32.7,100.0,16.1,2025-02-18 23:18:12,0
1465,32.1,100.0,16.2,2025-02-18 22:48:11,0
1464,31.9,100.0,16.5,2025-02-18 22:18:11,0
1463,31.5,100.0,17.9,2025-02-18 21:48:11,0
1462,29.8,100.0,18.3,2025-02-18 21:18:10,0
1461,24.0,100.0,21.3,2025-02-18 20:48:09,0
1460,23.7,100.0,22.3,2025-02-18 20:18:09,0
1459,23.0,100.0,23.1,2025-02-18 19:48:08,0
1458,21.1,100.0,23.9,2025-02-18 19:18:07,0
1457,17.2,100.0,25.4,2025-02-18 18:48:07,0
1456,15.2,100.0,26.8,2025-02-18 18:18:06,0
1455,15.0,100.0,27.8,2025-02-18 17:48:06,0
1454,13.6,100.0,28.2,2025-02-18 17:18:05,0
1453,12.8,100.0,28.4,2025-02-18 16:48:04,0
1452,13.1,100.0,29.1,2025-02-18 16:18:03,0
1451,11.5,100.0,31.9,2025-02-18 15:48:03,0
1450,10.1,100.0,35.2,2025-02-18 15:18:02,0
1449,12.0,100.0,30.6,2025-02-18 14:48:02,0
1448,9.5,100.0,39.9,2025-02-18 14:18:02,0
1447,13.8,100.0,34.5,2025-02-18 13:48:02,0
1446,20.6,100.0,28.4,2025-02-18 13:18:01,0
1445,24.9,100.0,25.5,2025-02-18 12:48:00,0
1444,22.3,100.0,31.2,2025-02-18 12:18:00,0
1443,29.8,100.0,23.7,2025-02-18 11:47:58,0
1442,33.8,100.0,21.3,2025-02-18 11:17:58,0
1441,41.0,100.0,17.8,2025-02-18 10:47:57,1
1440,41.2,100.0,16.6,2025-02-18 10:17:57,1
1439,44.9,100.0,15.3,2025-02-18 09:47:56,1
1438,46.7,100.0,13.7,2025-02-18 09:17:56,1
1437,58.2,100.0,10.0,2025-02-18 08:47:56,0
1436,62.9,100.0,8.8,2025-02-18 08:17:55,0
1435,62.2,50.0,8.4,2025-02-18 07:47:54,0
1434,56.4,50.0,10.5,2025-02-18 07:17:54,0
1433,58.7,100.0,10.2,2025-02-18 06:47:54,0
1432,57.0,100.0,10.0,2025-02-18 06:17:53,0
1431,57.9,50.0,9.9,2025-02-18 05:47:53,0
1430,55.3,100.0,10.4,2025-02-18 05:17:53,0
1429,59.8,100.0,9.2,2025-02-18 04:47:53,0
1428,57.3,100.0,9.6,2025-02-18 04:17:52,0
1427,53.9,100.0,10.8,2025-02-18 03:47:51,0
1426,53.8,100.0,11.6,2025-02-18 03:17:51,0
1425,53.1,50.0,11.2,2025-02-18 02:47:51,0
1424,52.7,100.0,11.1,2025-02-18 02:17:51,0
1423,50.2,50.0,11.8,2025-02-18 01:47:50,0
1422,49.4,100.0,12.5,2025-02-18 01:17:50,0
1421,47.2,100.0,12.6,2025-02-18 00:47:49,0
1420,45.2,50.0,12.6,2025-02-18 00:17:48,0
1419,42.8,100.0,13.5,2025-02-17 23:47:48,0
1418,41.6,100.0,15.6,2025-02-17 23:17:47,0
1417,37.3,100.0,16.8,2025-02-17 22:47:47,0
1416,35.2,100.0,18.3,2025-02-17 22:17:47,0
1415,34.7,100.0,18.4,2025-02-17 21:47:46,0
1414,31.2,50.0,20.3,2025-02-17 21:17:46,0
1413,29.7,50.0,21.4,2025-02-17 20:47:45,0
1412,30.1,100.0,21.5,2025-02-17 20:17:45,0
1411,28.1,50.0,22.9,2025-02-17 19:47:44,0
1410,24.9,50.0,24.9,2025-02-17 19:17:43,0
1409,22.8,2.0,27.2,2025-02-17 18:47:42,0
1408,22.2,100.0,27.9,2025-02-17 18:17:42,0
1407,21.1,100.0,29.1,2025-02-17 17:47:41,0
1406,20.3,100.0,30.1,2025-02-17 17:17:41,0
1405,18.8,100.0,32.9,2025-02-17 16:47:40,0
1404,21.1,100.0,29.3,2025-02-17 16:17:40,0
1403,20.4,100.0,30.2,2025-02-17 15:47:40,0
1402,19.6,100.0,30.9,2025-02-17 15:17:39,0
1401,18.2,100.0,32.3,2025-02-17 14:47:39,0
1400,18.3,100.0,32.1,2025-02-17 14:17:38,0
1399,14.9,100.0,37.6,2025-02-17 13:47:38,0
1398,14.1,50.0,39.5,2025-02-17 13:17:38,0
1397,16.1,87.0,38.6,2025-02-17 12:47:37,0
1396,19.5,100.0,33.1,2025-02-17 12:17:37,0
1395,18.3,100.0,35.6,2025-02-17 11:47:36,0
1394,24.7,100.0,27.9,2025-02-17 11:17:35,0
1393,23.7,100.0,29.7,2025-02-17 10:47:35,1
1392,26.8,100.0,27.1,2025-02-17 10:17:34,1
1391,28.9,100.0,25.1,2025-02-17 09:47:34,1
1390,57.5,100.0,11.2,2025-02-17 09:17:34,1
1389,62.7,100.0,8.1,2025-02-17 08:47:34,0
1388,63.7,100.0,7.4,2025-02-17 08:17:33,0
1387,63.4,100.0,7.7,2025-02-17 07:47:33,0
1386,59.5,100.0,8.6,2025-02-17 07:17:32,0
1385,62.0,100.0,8.3,2025-02-17 06:47:32,0
1384,58.9,100.0,8.9,2025-02-17 06:17:31,0
1383,59.3,50.0,9.2,2025-02-17 05:47:31,0
1382,55.3,100.0,9.8,2025-02-17 05:17:31,0
1381,49.9,100.0,10.6,2025-02-17 04:47:30,0
1380,45.8,100.0,11.6,2025-02-17 04:17:29,0
1379,42.6,100.0,12.1,2025-02-17 03:47:28,0
1378,41.3,100.0,13.6,2025-02-17 03:17:28,0
1377,43.9,100.0,10.2,2025-02-17 02:47:28,0
1376,43.4,100.0,10.0,2025-02-17 02:17:28,0
1375,41.2,100.0,10.8,2025-02-17 01:47:28,0
1374,34.8,100.0,12.6,2025-02-17 01:17:27,0
1373,38.4,100.0,11.2,2025-02-17 00:47:27,0
1372,39.4,100.0,10.6,2025-02-17 00:17:27,0
1371,37.3,100.0,11.5,2025-02-16 23:47:26,0
1370,34.7,100.0,12.7,2025-02-16 23:17:26,0
1369,34.4,100.0,13.7,2025-02-16 22:47:25,0
1368,33.8,100.0,14.1,2025-02-16 22:17:25,0
1367,30.3,100.0,15.4,2025-02-16 21:47:24,0
1366,30.0,100.0,15.1,2025-02-16 21:17:23,0
1365,25.8,100.0,17.5,2025-02-16 20:47:23,0
1364,23.5,100.0,18.4,2025-02-16 20:17:23,0
1363,20.5,100.0,22.9,2025-02-16 19:47:23,0
1362,15.1,100.0,26.7,2025-02-16 19:17:22,0
1361,15.4,100.0,27.1,2025-02-16 18:47:21,0
1360,15.0,100.0,28.6,2025-02-16 18:17:21,0
1359,15.2,100.0,28.8,2025-02-16 17:47:21,0
1358,15.5,100.0,30.5,2025-02-16 17:17:21,0
1357,12.8,100.0,35.2,2025-02-16 16:47:20,0
1356,12.0,100.0,35.5,2025-02-16 16:17:20,0
1355,11.7,100.0,38.2,2025-02-16 15:47:19,0
1354,10.8,100.0,37.5,2025-02-16 15:17:19,0
1353,11.4,100.0,37.5,2025-02-16 14:47:18,0
1352,9.8,100.0,43.1,2025-02-16 14:17:18,0
1351,9.4,100.0,41.4,2025-02-16 13:47:18,0
1350,10.2,100.0,37.7,2025-02-16 13:17:17,0
1349,9.2,100.0,43.2,2025-02-16 12:47:17,0
1348,11.5,100.0,42.8,2025-02-16 12:17:17,0
1347,13.5,100.0,38.5,2025-02-16 11:47:17,0
1346,23.2,100.0,26.0,2025-02-16 11:17:16,0
1345,19.6,100.0,30.2,2025-02-16 10:47:15,1
1344,20.4,100.0,30.1,2025-02-16 10:17:15,1
1343,33.8,100.0,18.2,2025-02-16 09:47:15,1
1342,59.3,100.0,7.2,2025-02-16 09:17:14,1
1341,66.2,100.0,4.4,2025-02-16 08:47:14,0
1340,66.7,100.0,4.7,2025-02-16 08:17:13,0
1339,65.5,100.0,5.2,2025-02-16 07:47:13,0
1338,66.2,100.0,4.0,2025-02-16 07:17:12,0
1337,65.2,100.0,4.6,2025-02-16 06:47:12,0
1336,63.6,100.0,5.0,2025-02-16 06:17:11,0
1335,62.6,100.0,4.9,2025-02-16 05:47:10,0
1334,59.6,100.0,5.3,2025-02-16 05:17:10,0
1333,59.9,100.0,5.8,2025-02-16 04:47:09,0
1332,55.7,100.0,6.0,2025-02-16 04:17:09,0
1331,55.0,100.0,6.0,2025-02-16 03:47:09,0
1330,51.8,100.0,7.5,2025-02-16 03:17:09,0
1329,50.1,100.0,8.1,2025-02-16 02:47:08,0
1328,47.1,100.0,9.1,2025-02-16 02:17:08,0
1327,48.0,100.0,8.4,2025-02-16 01:47:07,0
1326,43.4,100.0,11.0,2025-02-16 01:17:08,0
1325,43.2,100.0,10.1,2025-02-16 00:47:07,0
1324,37.9,100.0,12.9,2025-02-16 00:17:07,0
1323,34.2,100.0,14.4,2025-02-15 23:47:06,0
1322,31.7,100.0,16.2,2025-02-15 23:17:05,0
1321,26.9,100.0,19.1,2025-02-15 22:47:05,0
1320,27.2,100.0,19.1,2025-02-15 22:17:04,0
1319,26.7,100.0,19.7,2025-02-15 21:47:04,0
1318,25.3,50.0,20.8,2025-02-15 21:17:03,0
1317,24.7,100.0,21.5,2025-02-15 20:47:03,0
1316,23.8,100.0,22.2,2025-02-15 20:17:03,0
1315,21.9,100.0,23.5,2025-02-15 19:47:02,0
1314,20.0,100.0,25.3,2025-02-15 19:17:02,0
1313,18.9,100.0,26.4,2025-02-15 18:47:02,0
1312,17.5,100.0,27.3,2025-02-15 18:17:00,0
1311,17.9,100.0,27.8,2025-02-15 17:47:00,0
1310,16.9,100.0,28.6,2025-02-15 17:16:59,0
1309,14.5,100.0,31.7,2025-02-15 16:46:58,0
1308,13.7,100.0,32.7,2025-02-15 16:16:58,0
1307,11.8,100.0,37.7,2025-02-15 15:46:57,0
1306,16.1,100.0,32.2,2025-02-15 15:16:57,0
1305,19.5,100.0,28.3,2025-02-15 14:46:57,0
1304,17.1,100.0,32.3,2025-02-15 14:16:57,0
1303,17.5,100.0,31.4,2025-02-15 13:46:56,0
1302,17.6,66.0,31.3,2025-02-15 13:16:56,0
1301,19.0,100.0,29.9,2025-02-15 12:46:55,0
1300,21.6,50.0,28.4,2025-02-15 12:16:54,0
1299,25.3,100.0,27.2,2025-02-15 11:46:53,0
1298,23.8,100.0,28.8,2025-02-15 11:16:53,0
1297,26.0,100.0,27.0,2025-02-15 10:46:53,1
1296,34.8,50.0,19.4,2025-02-15 10:16:52,1
1295,46.4,100.0,13.6,2025-02-15 09:46:51,1
1294,56.3,100.0,10.1,2025-02-15 09:16:51,1
1293,72.0,100.0,5.3,2025-02-15 08:46:50,0
1292,76.7,100.0,4.3,2025-02-15 08:16:50,0
1291,73.5,100.0,4.1,2025-02-15 07:46:49,0
1290,70.6,50.0,4.9,2025-02-15 07:16:48,0
1289,72.8,100.0,5.1,2025-02-15 06:46:48,0
1288,68.5,100.0,5.6,2025-02-15 06:16:48,0
1287,67.9,100.0,5.9,2025-02-15 05:46:47,0
1286,63.8,100.0,7.1,2025-02-15 05:16:46,0
1285,63.7,100.0,6.9,2025-02-15 04:46:46,0
1284,59.9,60.0,7.2,2025-02-15 04:16:45,0
1283,58.8,0.0,8.1,2025-02-15 03:46:45,0
1282,55.4,50.0,9.3,2025-02-15 03:16:44,0
1281,50.9,16.0,10.4,2025-02-15 02:46:44,0
1280,57.3,50.0,8.9,2025-02-15 02:16:43,0
1279,49.7,33.0,9.7,2025-02-15 01:46:43,0
1278,51.2,16.0,9.8,2025-02-15 01:16:42,0
1277,49.9,100.0,10.5,2025-02-15 00:46:42,0
1276,48.1,100.0,11.3,2025-02-15 00:16:41,0
1275,44.5,0.0,13.0,2025-02-14 23:46:41,0
1274,44.1,7.0,13.4,2025-02-14 23:16:41,0
1273,43.5,19.0,13.1,2025-02-14 22:46:41,0
1272,41.7,100.0,14.3,2025-02-14 22:16:40,0
1271,40.4,50.0,14.8,2025-02-14 21:46:40,0
1270,36.4,0.0,16.6,2025-02-14 21:16:39,0
1269,29.9,0.0,20.4,2025-02-14 20:46:39,0
1268,28.3,15.0,21.3,2025-02-14 20:16:38,0
1267,25.0,50.0,23.6,2025-02-14 19:46:38,0
1266,22.0,0.0,25.2,2025-02-14 19:16:38,0
1265,24.0,34.0,26.0,2025-02-14 18:46:38,0
1264,22.1,100.0,27.3,2025-02-14 18:16:37,0
1263,21.4,100.0,28.0,2025-02-14 17:46:37,0
1262,20.8,64.0,29.3,2025-02-14 17:16:37,0
1261,18.6,91.0,32.7,2025-02-14 16:46:36,0
1260,16.5,100.0,37.2,2025-02-14 16:16:35,0
1259,20.4,25.0,34.2,2025-02-14 15:46:34,0
1258,20.8,37.0,35.7,2025-02-14 15:16:33,0
1257,23.5,50.0,32.2,2025-02-14 14:46:33,0
1256,19.2,100.0,37.6,2025-02-14 14:16:32,0
1255,23.2,50.0,33.6,2025-02-14 13:46:32,0
1254,23.4,18.0,36.4,2025-02-14 13:16:32,0
1253,22.5,50.0,36.9,2025-02-14 12:46:32,0
1252,23.5,15.0,36.4,2025-02-14 12:16:31,0
1251,28.4,55.0,31.7,2025-02-14 11:46:31,0
1250,31.2,99.0,29.9,2025-02-14 11:16:31,0
1249,33.7,23.0,28.5,2025-02-14 10:46:30,1
1248,38.1,9.0,26.3,2025-02-14 10:16:30,1
1247,43.8,9.0,23.2,2025-02-14 09:46:29,1
1246,69.9,11.0,14.6,2025-02-14 09:16:29,1
1245,76.3,5.0,13.0,2025-02-14 08:46:29,0
1244,81.9,5.0,11.8,2025-02-14 08:16:29,0
1243,80.8,1.0,12.0,2025-02-14 07:46:28,0
1242,75.6,25.0,11.8,2025-02-14 07:16:27,0
1241,73.7,4.0,12.0,2025-02-14 06:46:26,0
1240,71.2,36.0,12.3,2025-02-14 06:16:26,0
1239,64.5,7.0,13.2,2025-02-14 05:46:26,0
1238,58.5,30.0,13.5,2025-02-14 05:16:25,0
1237,51.5,5.0,12.7,2025-02-14 04:46:24,0
1236,55.8,21.0,8.5,2025-02-14 04:16:23,0
1235,51.7,0.0,8.7,2025-02-14 03:46:23,0
1234,55.7,0.0,8.0,2025-02-14 03:16:23,0
1233,56.8,0.0,6.6,2025-02-14 02:46:23,0
1232,56.7,50.0,7.2,2025-02-14 02:16:23,0
1231,54.2,8.0,7.0,2025-02-14 01:46:22,0
1230,51.8,23.0,8.1,2025-02-14 01:16:22,0
1229,51.4,50.0,8.5,2025-02-14 00:46:22,0
1228,49.3,38.0,8.8,2025-02-14 00:16:21,0
1227,47.9,14.0,9.7,2025-02-13 23:46:21,0
1226,43.9,0.0,10.8,2025-02-13 23:16:21,0
1225,42.8,14.0,11.4,2025-02-13 22:46:20,0
1224,40.2,14.0,13.7,2025-02-13 22:16:19,0
1223,37.0,0.0,14.4,2025-02-13 21:46:19,0
1222,37.8,36.0,13.9,2025-02-13 21:16:18,0
1221,34.8,0.0,15.0,2025-02-13 20:46:18,0
1220,31.2,21.0,17.7,2025-02-13 20:16:17,0
1219,25.7,5.0,21.6,2025-02-13 19:46:17,0
1218,21.1,0.0,25.1,2025-02-13 19:16:17,0
1217,21.2,0.0,25.5,2025-02-13 18:46:16,0
1216,19.2,0.0,26.8,2025-02-13 18:16:15,0
1215,17.3,0.0,28.5,2025-02-13 17:46:15,0
1214,18.0,14.0,29.1,2025-02-13 17:16:14,0
1213,14.5,15.0,34.5,2025-02-13 16:46:14,0
1212,14.5,34.0,36.3,2025-02-13 16:16:14,0
1211,15.6,31.0,32.6,2025-02-13 15:46:13,0
1210,15.6,7.0,32.7,2025-02-13 15:16:12,0
1209,17.5,61.0,31.2,2025-02-13 14:46:12,0
1208,14.1,15.0,36.9,2025-02-13 14:16:11,0
1207,18.0,11.0,30.0,2025-02-13 13:46:11,0
1206,19.2,52.0,30.3,2025-02-13 13:16:11,0
1205,16.1,65.0,36.6,2025-02-13 12:46:10,0
1204,18.9,0.0,32.6,2025-02-13 12:16:09,0
1203,23.3,42.0,27.8,2025-02-13 11:46:09,0
1202,18.1,100.0,34.7,2025-02-13 11:16:08,0
1201,20.5,11.0,30.4,2025-02-13 10:46:08,1
1200,19.5,100.0,31.9,2025-02-13 10:16:06,1
1199,28.0,100.0,23.0,2025-02-13 09:46:06,1
1198,67.8,0.0,6.8,2025-02-13 09:16:06,1
1197,81.1,100.0,2.2,2025-02-13 08:46:05,0
1196,80.9,50.0,2.2,2025-02-13 08:16:05,0
1195,79.0,100.0,2.1,2025-02-13 07:46:04,0
1194,79.9,0.0,3.1,2025-02-13 07:16:04,0
1193,72.6,60.0,3.4,2025-02-13 06:46:04,0
1192,77.4,0.0,3.8,2025-02-13 06:16:03,0
1191,74.4,100.0,3.9,2025-02-13 05:46:03,0
1190,71.4,100.0,3.8,2025-02-13 05:16:03,0
1189,74.5,100.0,5.0,2025-02-13 04:46:02,0
1188,67.3,18.0,5.2,2025-02-13 04:16:02,0
1187,64.1,0.0,6.3,2025-02-13 03:46:01,0
1186,61.8,0.0,6.2,2025-02-13 03:16:02,0
1185,59.1,7.0,7.5,2025-02-13 02:46:01,0
1184,55.4,100.0,9.0,2025-02-13 02:16:01,0
1183,57.4,100.0,8.7,2025-02-13 01:46:00,0
1182,54.9,100.0,9.0,2025-02-13 01:15:59,0
1181,51.3,100.0,10.1,2025-02-13 00:45:59,0
1180,49.3,100.0,11.0,2025-02-13 00:15:58,0
1179,44.1,100.0,12.1,2025-02-12 23:45:58,0
1178,39.7,100.0,14.6,2025-02-12 23:15:57,0
1177,37.1,100.0,15.7,2025-02-12 22:45:56,0
1176,39.9,0.0,14.2,2025-02-12 22:15:56,0
1175,35.6,0.0,16.3,2025-02-12 21:45:55,0
1174,34.4,100.0,16.4,2025-02-12 21:15:55,0
1173,30.6,0.0,18.2,2025-02-12 20:45:55,0
1170,21.8,15.0,24.4,2025-02-12 19:15:54,0
1169,22.2,100.0,25.3,2025-02-12 18:45:53,0
